Workbook

Sheet CPN_Summary

Sheet LR_Check
A1: LR Status Tool
A4: Created By Fares
A5: MTX-A | B5: MTX-B | C5: Rate | D5: LR no. | E5: Status
A6: =INDEX(LR_Database!A:A, MATCH(VALUE(D6), LR_Database!E:E, 0)) -> HQ-01 | B6: =INDEX(LR_Database!B:B, MATCH(VALUE(D6), LR_Database!E:E, 0)) -> RMD | C6: =INDEX(LR_Database!D:D, MATCH(VALUE(D6), LR_Database!E:E, 0)) -> 100G | D6: 10 | E6: =VLOOKUP(VALUE(D6), LR_Database!$E:$F, 2, FALSE) -> down
A7: =INDEX(LR_Database!A:A, MATCH(VALUE(D7), LR_Database!E:E, 0)) -> RMD-01 | B7: =INDEX(LR_Database!B:B, MATCH(VALUE(D7), LR_Database!E:E, 0)) -> BS.ASR02 | C7: =INDEX(LR_Database!D:D, MATCH(VALUE(D7), LR_Database!E:E, 0)) -> 10G | D7: 103 | E7: =VLOOKUP(VALUE(D7), LR_Database!$E:$F, 2, FALSE) -> down
A8: =INDEX(LR_Database!A:A, MATCH(VALUE(D8), LR_Database!E:E, 0)) -> CA4-01 | B8: =INDEX(LR_Database!B:B, MATCH(VALUE(D8), LR_Database!E:E, 0)) -> RMD | C8: =INDEX(LR_Database!D:D, MATCH(VALUE(D8), LR_Database!E:E, 0)) -> 10G | D8: 113 | E8: =VLOOKUP(VALUE(D8), LR_Database!$E:$F, 2, FALSE) -> down
A9: =INDEX(LR_Database!A:A, MATCH(VALUE(D9), LR_Database!E:E, 0)) -> CA5-02 | B9: =INDEX(LR_Database!B:B, MATCH(VALUE(D9), LR_Database!E:E, 0)) -> BS.ASR02 | C9: =INDEX(LR_Database!D:D, MATCH(VALUE(D9), LR_Database!E:E, 0)) -> 10G | D9: 122 | E9: =VLOOKUP(VALUE(D9), LR_Database!$E:$F, 2, FALSE) -> down
A10: =INDEX(LR_Database!A:A, MATCH(VALUE(D10), LR_Database!E:E, 0)) -> HQ-02 | B10: =INDEX(LR_Database!B:B, MATCH(VALUE(D10), LR_Database!E:E, 0)) -> BS.PE01 | C10: =INDEX(LR_Database!D:D, MATCH(VALUE(D10), LR_Database!E:E, 0)) -> 10G | D10: 159 | E10: =VLOOKUP(VALUE(D10), LR_Database!$E:$F, 2, FALSE) -> down
A11: =INDEX(LR_Database!A:A, MATCH(VALUE(D11), LR_Database!E:E, 0)) -> HQ-01 | B11: =INDEX(LR_Database!B:B, MATCH(VALUE(D11), LR_Database!E:E, 0)) -> RMD | C11: =INDEX(LR_Database!D:D, MATCH(VALUE(D11), LR_Database!E:E, 0)) -> 10G | D11: 174 | E11: =VLOOKUP(VALUE(D11), LR_Database!$E:$F, 2, FALSE) -> down
A12: =INDEX(LR_Database!A:A, MATCH(VALUE(D12), LR_Database!E:E, 0)) -> HQ-02 | B12: =INDEX(LR_Database!B:B, MATCH(VALUE(D12), LR_Database!E:E, 0)) -> BS.ASR01 | C12: =INDEX(LR_Database!D:D, MATCH(VALUE(D12), LR_Database!E:E, 0)) -> 10G | D12: 178 | E12: =VLOOKUP(VALUE(D12), LR_Database!$E:$F, 2, FALSE) -> down
A13: =INDEX(LR_Database!A:A, MATCH(VALUE(D13), LR_Database!E:E, 0)) -> CA5-01 | B13: =INDEX(LR_Database!B:B, MATCH(VALUE(D13), LR_Database!E:E, 0)) -> RMD | C13: =INDEX(LR_Database!D:D, MATCH(VALUE(D13), LR_Database!E:E, 0)) -> 10G | D13: 181 | E13: =VLOOKUP(VALUE(D13), LR_Database!$E:$F, 2, FALSE) -> down
A14: =INDEX(LR_Database!A:A, MATCH(VALUE(D14), LR_Database!E:E, 0)) -> RMD-02 | B14: =INDEX(LR_Database!B:B, MATCH(VALUE(D14), LR_Database!E:E, 0)) -> MKT | C14: =INDEX(LR_Database!D:D, MATCH(VALUE(D14), LR_Database!E:E, 0)) -> 10G | D14: 182 | E14: =VLOOKUP(VALUE(D14), LR_Database!$E:$F, 2, FALSE) -> down
A15: =INDEX(LR_Database!A:A, MATCH(VALUE(D15), LR_Database!E:E, 0)) -> RMD-01 | B15: =INDEX(LR_Database!B:B, MATCH(VALUE(D15), LR_Database!E:E, 0)) -> BS.ASR02 | C15: =INDEX(LR_Database!D:D, MATCH(VALUE(D15), LR_Database!E:E, 0)) -> 10G | D15: 183 | E15: =VLOOKUP(VALUE(D15), LR_Database!$E:$F, 2, FALSE) -> down
A16: =INDEX(LR_Database!A:A, MATCH(VALUE(D16), LR_Database!E:E, 0)) -> CA4-02 | B16: =INDEX(LR_Database!B:B, MATCH(VALUE(D16), LR_Database!E:E, 0)) -> BS.ASR01 | C16: =INDEX(LR_Database!D:D, MATCH(VALUE(D16), LR_Database!E:E, 0)) -> 10G | D16: 187 | E16: =VLOOKUP(VALUE(D16), LR_Database!$E:$F, 2, FALSE) -> down
A17: =INDEX(LR_Database!A:A, MATCH(VALUE(D17), LR_Database!E:E, 0)) -> HQ-02 | B17: =INDEX(LR_Database!B:B, MATCH(VALUE(D17), LR_Database!E:E, 0)) -> MNS | C17: =INDEX(LR_Database!D:D, MATCH(VALUE(D17), LR_Database!E:E, 0)) -> 10G | D17: 300 | E17: =VLOOKUP(VALUE(D17), LR_Database!$E:$F, 2, FALSE) -> down
... A49: =INDEX(LR_Database!A:A, MATCH(VALUE(D49), LR_Database!E:E, 0)) -> RMD-02 | B49: =INDEX(LR_Database!B:B, MATCH(VALUE(D49), LR_Database!E:E, 0)) -> CA4 | C49: =INDEX(LR_Database!D:D, MATCH(VALUE(D49), LR_Database!E:E, 0)) -> 10G | D49: 180 | E49: =VLOOKUP(VALUE(D49), LR_Database!$E:$F, 2, FALSE) -> down
A50: =INDEX(LR_Database!A:A, MATCH(VALUE(D50), LR_Database!E:E, 0)) -> #N/A | B50: =INDEX(LR_Database!B:B, MATCH(VALUE(D50), LR_Database!E:E, 0)) -> #N/A | C50: =INDEX(LR_Database!D:D, MATCH(VALUE(D50), LR_Database!E:E, 0)) -> #N/A | E50: =VLOOKUP(VALUE(D50), LR_Database!$E:$F, 2, FALSE) -> #N/A
A51: =INDEX(LR_Database!A:A, MATCH(VALUE(D51), LR_Database!E:E, 0)) -> #N/A | B51: =INDEX(LR_Database!B:B, MATCH(VALUE(D51), LR_Database!E:E, 0)) -> #N/A | C51: =INDEX(LR_Database!D:D, MATCH(VALUE(D51), LR_Database!E:E, 0)) -> #N/A | E51: =VLOOKUP(VALUE(D51), LR_Database!$E:$F, 2, FALSE) -> #N/A
A52: =INDEX(LR_Database!A:A, MATCH(VALUE(D52), LR_Database!E:E, 0)) -> #N/A | B52: =INDEX(LR_Database!B:B, MATCH(VALUE(D52), LR_Database!E:E, 0)) -> #N/A | C52: =INDEX(LR_Database!D:D, MATCH(VALUE(D52), LR_Database!E:E, 0)) -> #N/A | E52: =VLOOKUP(VALUE(D52), LR_Database!$E:$F, 2, FALSE) -> #N/A
A53: =INDEX(LR_Database!A:A, MATCH(VALUE(D53), LR_Database!E:E, 0)) -> #N/A | B53: =INDEX(LR_Database!B:B, MATCH(VALUE(D53), LR_Database!E:E, 0)) -> #N/A | C53: =INDEX(LR_Database!D:D, MATCH(VALUE(D53), LR_Database!E:E, 0)) -> #N/A | E53: =VLOOKUP(VALUE(D53), LR_Database!$E:$F, 2, FALSE) -> #N/A
A54: =INDEX(LR_Database!A:A, MATCH(VALUE(D54), LR_Database!E:E, 0)) -> #N/A | B54: =INDEX(LR_Database!B:B, MATCH(VALUE(D54), LR_Database!E:E, 0)) -> #N/A | C54: =INDEX(LR_Database!D:D, MATCH(VALUE(D54), LR_Database!E:E, 0)) -> #N/A | E54: =VLOOKUP(VALUE(D54), LR_Database!$E:$F, 2, FALSE) -> #N/A
A55: =INDEX(LR_Database!A:A, MATCH(VALUE(D55), LR_Database!E:E, 0)) -> #N/A | B55: =INDEX(LR_Database!B:B, MATCH(VALUE(D55), LR_Database!E:E, 0)) -> #N/A | C55: =INDEX(LR_Database!D:D, MATCH(VALUE(D55), LR_Database!E:E, 0)) -> #N/A | E55: =VLOOKUP(VALUE(D55), LR_Database!$E:$F, 2, FALSE) -> #N/A
A56: =INDEX(LR_Database!A:A, MATCH(VALUE(D56), LR_Database!E:E, 0)) -> #N/A | B56: =INDEX(LR_Database!B:B, MATCH(VALUE(D56), LR_Database!E:E, 0)) -> #N/A | C56: =INDEX(LR_Database!D:D, MATCH(VALUE(D56), LR_Database!E:E, 0)) -> #N/A | E56: =VLOOKUP(VALUE(D56), LR_Database!$E:$F, 2, FALSE) -> #N/A
A57: =INDEX(LR_Database!A:A, MATCH(VALUE(D57), LR_Database!E:E, 0)) -> #N/A | B57: =INDEX(LR_Database!B:B, MATCH(VALUE(D57), LR_Database!E:E, 0)) -> #N/A | C57: =INDEX(LR_Database!D:D, MATCH(VALUE(D57), LR_Database!E:E, 0)) -> #N/A | E57: =VLOOKUP(VALUE(D57), LR_Database!$E:$F, 2, FALSE) -> #N/A
A58: =INDEX(LR_Database!A:A, MATCH(VALUE(D58), LR_Database!E:E, 0)) -> #N/A | B58: =INDEX(LR_Database!B:B, MATCH(VALUE(D58), LR_Database!E:E, 0)) -> #N/A | C58: =INDEX(LR_Database!D:D, MATCH(VALUE(D58), LR_Database!E:E, 0)) -> #N/A | E58: =VLOOKUP(VALUE(D58), LR_Database!$E:$F, 2, FALSE) -> #N/A
A59: =INDEX(LR_Database!A:A, MATCH(VALUE(D59), LR_Database!E:E, 0)) -> #N/A | B59: =INDEX(LR_Database!B:B, MATCH(VALUE(D59), LR_Database!E:E, 0)) -> #N/A | C59: =INDEX(LR_Database!D:D, MATCH(VALUE(D59), LR_Database!E:E, 0)) -> #N/A | E59: =VLOOKUP(VALUE(D59), LR_Database!$E:$F, 2, FALSE) -> #N/A
A60: =INDEX(LR_Database!A:A, MATCH(VALUE(D60), LR_Database!E:E, 0)) -> #N/A | B60: =INDEX(LR_Database!B:B, MATCH(VALUE(D60), LR_Database!E:E, 0)) -> #N/A | C60: =INDEX(LR_Database!D:D, MATCH(VALUE(D60), LR_Database!E:E, 0)) -> #N/A | E60: =VLOOKUP(VALUE(D60), LR_Database!$E:$F, 2, FALSE) -> #N/A
A61: =INDEX(LR_Database!A:A, MATCH(VALUE(D61), LR_Database!E:E, 0)) -> #N/A | B61: =INDEX(LR_Database!B:B, MATCH(VALUE(D61), LR_Database!E:E, 0)) -> #N/A | C61: =INDEX(LR_Database!D:D, MATCH(VALUE(D61), LR_Database!E:E, 0)) -> #N/A | E61: =VLOOKUP(VALUE(D61), LR_Database!$E:$F, 2, FALSE) -> #N/A
... A413: =INDEX(LR_Database!A:A, MATCH(VALUE(D413), LR_Database!E:E, 0)) -> #N/A | B413: =INDEX(LR_Database!B:B, MATCH(VALUE(D413), LR_Database!E:E, 0)) -> #N/A | C413: =INDEX(LR_Database!D:D, MATCH(VALUE(D413), LR_Database!E:E, 0)) -> #N/A | E413: =VLOOKUP(VALUE(D413), LR_Database!$E:$F, 2, FALSE) -> #N/A

Sheet LR_Database
A1: MTX-A | B1: MTX-B | C1: interface | D1: rate | E1: LR Number | F1: status
A2: CA4-01 | B2: HQ | C2: Te0/2/0/0 | D2: 10G | E2: 438 | F2: up
A3: CA4-01 | B3: HQ | C3: Te0/2/0/0.316 | D3: 10G | E3: 438 | F3: up
A4: CA4-01 | B4: RMD | C4: Te0/2/0/1 | D4: 10G | E4: 439 | F4: up
A5: CA4-01 | B5: RMD | C5: Te0/2/0/1.346 | D5: 10G | E5: 439 | F5: up
A6: CA4-01 | B6: CA5 | C6: Te0/2/0/2 | D6: 10G | E6: 303 | F6: up
A7: CA4-01 | B7: CA5 | C7: Te0/2/0/2.367 | D7: 10G | E7: 303 | F7: up
A8: CA4-01 | B8: CA5 | C8: Te0/2/0/3 | D8: 10G | E8: 107 | F8: up
A9: CA4-01 | B9: CA5 | C9: Te0/2/0/3.267 | D9: 10G | E9: 107 | F9: up
A10: CA4-01 | B10: HQ | C10: Te0/2/0/5 | D10: 10G | E10: 93 | F10: up
A11: CA4-01 | B11: HQ | C11: Te0/2/0/5.216 | D11: 10G | E11: 93 | F11: up
A12: CA4-01 | B12: RMD | C12: Te0/2/0/12 | D12: 10G | E12: 496 | F12: down
A13: CA4-01 | B13: RMD | C13: Te0/2/0/12.546 | D13: 10G | E13: 496 | F13: down
... A468: RMD-01 | B468: BS.ASR02 | C468: Hu0/7/0/3.748 | D468: 100G | E468: 13 | F468: up

Sheet CPN_Logs
A1: MTX-A | B1: Interface | C1: Flapping Start | D1: Flapping End | E1: Number of Flaps | F1: Status
A2: CA4-01 | B2: TenGigE0/4/0/15.446 | C2: Dec 11 03:29:37 | D2: Dec 11 03:30:46 | E2: 1 | F2: Up
A3: CA4-01 | B3: TenGigE0/2/0/1.346 | C3: Dec 11 03:39:04 | D3: Dec 11 03:40:14 | E3: 1 | F3: Up
A4: CA4-01 | B4: TenGigE0/3/0/2.146 | C4: Dec 11 16:39:00 | D4: Dec 11 16:39:05 | E4: 1 | F4: Up
A5: CA4-02 | B5: TenGigE0/3/0/13.656 | C5: Dec 11 14:34:19 | D5: Dec 11 15:41:17 | E5: 2 | F5: Up
A6: CA4-02 | B6: TenGigE0/3/0/24.926 | C6: Dec 11 14:34:19 | D6: Dec 11 15:31:51 | E6: 3 | F6: Up
A7: CA4-02 | B7: TenGigE0/4/0/17.326 | C7: Dec 11 14:34:19 | D7: Dec 11 15:31:50 | E7: 3 | F7: Up
A8: CA4-02 | B8: TenGigE0/4/0/2.369 | C8: Dec 11 14:34:19 | D8: Dec 11 15:31:50 | E8: 3 | F8: Up
A9: CA4-02 | B9: TenGigE0/3/0/17.836 | C9: Dec 11 21:33:35 | D9: Dec 11 22:48:49 | E9: 2 | F9: Up
A10: CA4-02 | B10: TenGigE0/3/0/19.1036 | C10: Dec 11 21:33:35 | D10: Dec 11 22:48:40 | E10: 2 | F10: Up
A11: CA4-02 | B11: TenGigE0/3/0/18.936 | C11: Dec 11 21:33:35 | D11: Dec 11 22:48:49 | E11: 2 | F11: Up
A12: CA5-01 | B12: TenGigE0/1/0/0.47 | C12: Dec 11 02:29:56 | D12: Dec 11 02:58:40 | E12: 2 | F12: Up
A13: CA5-01 | B13: TenGigE0/1/1/1.347 | C13: Dec 11 03:41:00 | D13: Dec 11 03:41:33 | E13: 2 | F13: Up
... A48: RMD-02 | B48: TenGigE0/1/0/29 | C48: Dec 11 03:43:26 | D48: Dec 11 03:43:26 | E48: 1 | F48: Up
